[
  {
    "business": "12/12 Architects & Planners",
    "reviews": [
      {
        "reviewer": "NaN",
        "review": "Error extracting reviews"
      }
    ]
  },
  {
    "business": "4 Seasons Remodeling & Design Inc",
    "reviews": [
      {
        "reviewer": "Shelby Taylor",
        "review": "Our home is in good hands with 4 Seasons Remodeling & Design. I called Jacob to remodel my kitchen, and the experience was so good that we added extra jobs including remodeling the fireplace, the outside, and three bathrooms. They have two …"
      },
      {
        "reviewer": "Ronald Brinkman",
        "review": "This company stands out because of its excellent communication and transparency. Having worked with several different contractors in the past, I can state with confidence that 4 Seasons Remodeling and Design stands out. I was constantly …"
      },
      {
        "reviewer": "Michael Kelly",
        "review": "Jacob at 4 Seasons Remodeling & Design is the kind of contractor you'd want. Friendly, a good listener, detail-oriented, and communicates well. I'm very happy I found 4 Seasons Remodeling & Design to help me with my office floors and walls. 5 Stars!"
      },
      {
        "reviewer": "Mariana Lakin",
        "review": "This is absolutely the best experience we have ever had with any of the construction companies we used in the past. We were hoping to find an honest, professional and great contractor for a while now mainly after we’ve heard so many bad …"
      },
      {
        "reviewer": "Silvia Ramos",
        "review": "In the past, we have worked with few contractors and 4 Season Remodeling & design is simply the best contractor we had! Our large scale remodeling project included several issues and changes because of some structure problems that our new …"
      },
      {
        "reviewer": "Bruce Turner",
        "review": "We have hired and worked with Jacob at 4 Season Remodeling & design on our first home remodeling project that was on our kitchen, laundry room, and two bathrooms. We definitely loved Jacob and his people who did the actual work. The quality …"
      },
      {
        "reviewer": "Shelia Watson",
        "review": "4 Season Remodeling & design is by far the most professional and honest company that we have dealt with in the last years. They are unbelievable company to hire and work with from A to Z! We hired them after we got their contact information …"
      },
      {
        "reviewer": "Judith Myers",
        "review": "4 Season Remodeling & design did the perfect remodeling job in my kitchen. All the employees and office staff were very professional, easy going and resourceful. Everyone took a great pride in their work (based on their trade) ending up in …"
      },
      {
        "reviewer": "Karla Martinez",
        "review": "4 Season Remodeling & design did a great job by remodeling two bathrooms (master bathroom and our kids’ bathroom) and the kitchen at our house. Jacob took the time at several meetings to understand what I want and how to maximize the …"
      },
      {
        "reviewer": "Caitlin Ford",
        "review": "Jacob At 4 Season Remodeling & design did a wonderful remodeling job at our house by helping to design and executing our kitchen. His expert knowledge and experience of the products, materials and mainly the understanding of our needs while …"
      }
    ]
  },
  {
    "business": "Anne Architecture",
    "reviews": [
      {
        "reviewer": "Sally Ashe Wood",
        "review": "Anne was amazing in helping us take our house that was not meeting our growing needs but was in the correct location and transforming it in ways that were better than we could have ever imagined. She was a careful listener, which showed …"
      },
      {
        "reviewer": "Gavin George",
        "review": "Anne was a pleasure to work with from the initial concept meeting to the final completion of our renovation and addition. She worked closely with our builder and designer to achieve the home that we always dreamed of. Highly recommend her and her talented team."
      },
      {
        "reviewer": "Trey Schwalb",
        "review": "We worked extensively with Anne over many months to design our dream renovation for our home in Decatur.  We would highly recommend this firm to anyone in our area who might be looking for architectural designs.  Anne was so easy and laid …"
      },
      {
        "reviewer": "Andrew Metcalf",
        "review": "Anne designed our custom home in Decatur. Amazing to work with, took time to explain the permitting issues, design issues. Listened to us more than anyone else we interviewed for the project. Understands different styles and proportions well, really helped guide us in good decisions."
      },
      {
        "reviewer": "Robin Robboy",
        "review": "Anne is the BEST Architect!  Her vision for what a space can be, how it can best serve the folks who use it, and how to make it stunningly beautiful, is amazing.  Working with Anne is a wonderful experience - she's a great listener and extraordinarily talented."
      },
      {
        "reviewer": "Abbey Griffith",
        "review": "Anne is absolutely amazing and passionate about what she does, which not only allows the projects to get done well and on time, but she puts her heart behind every move as well. We love you Anne! Keep crushing it!"
      },
      {
        "reviewer": "Stewart Jones",
        "review": "Anne Architecture and I have worked on projects together, and the customers are consistently pleased with her teams' creativity, professionalism and quality of work.  They are unique because they have both residential and commercial experience,."
      },
      {
        "reviewer": "Sheri Hardin",
        "review": "Anne is a lovely person...she is warm, light, and personable. She greets you with the biggest smile that makes you feel right at home."
      },
      {
        "reviewer": "Chacko Thomas",
        "review": "Anne and her team are the best. Extremely knowledgeable and detail oriented team of professionals. You won’t be disappointed."
      }
    ]
  },
  {
    "business": "Artista Kitchen & Bath Design",
    "reviews": [
      {
        "reviewer": "Steven Smith",
        "review": "Top notch. A true pleasure working with Mike from Artista. He is a real professional, He was totally involved and genuinely cared about our project, with great ideas and practical suggestions. The product is great and I cannot say enough …"
      },
      {
        "reviewer": "kate keppler",
        "review": "I'm so glad we went with artista for our kitchen remodel. When we met mike and told him that we were tackling this project ourselves, he offered all his help and suggestions when it came to installation and finishing touches. He is very …"
      },
      {
        "reviewer": "Vadim Vapnyar",
        "review": "Artista was recommended by our contractor for our kitchen remodel.  We were very happy with Michael and his team.  He was extremely responsive to all our questions and concerns during the design and the installation phases.  The cabinets …"
      },
      {
        "reviewer": "John Merlein",
        "review": "Our experience with Arista was excellent from start to finish. On our initial visit to the showroom, we were looking for Wood Mode cabinets after seeing the craftsmanship of this brand while on vacation in Florida. We first worked with Pat; …"
      },
      {
        "reviewer": "Greg Hamilton",
        "review": "We used Artista to help redesign our kitchen. They were responsible for helping to totally redesign the space and cabinet selection.  Their design was great and they were extremely patient and helpful.  When the cabinet maker had some …"
      }
    ]
  },
  {
    "business": "Baine Contracting, Inc.",
    "reviews": [
      {
        "reviewer": "sherry frederick",
        "review": "\"We had the pleasure of working with Baine Contracting Inc. and their team on a recent project in Manasquan, and we couldn't be more impressed! As interior designers, we rely heavily on our contractors to bring our vision to life with …"
      },
      {
        "reviewer": "Adam M. Katz",
        "review": "Baine Contracting is a pleasure to deal with.  Mike Baine and his team, including Gregg his on-site project leader, are professional and provide high quality work.  I especially enjoy collaborating with Mike during the design phase and on any changes during the project build-phase."
      },
      {
        "reviewer": "Harriet Borofsky",
        "review": "The Baine Contracting team made our dream home our reality in the most professional, respectful and detail oriented way imaginable. We are thrilled with the results. Special shout out to Brian, the magician, who made the pieces of the puzzle all fit and who went above and beyond to support us through the remodel process."
      },
      {
        "reviewer": "Marian Disken",
        "review": "We are still at the beginning of our construction but we are very happy with Baine Contracting.  Communication has been excellent and the plans look spectacular so we are looking forward to continuing our relationship and completion of the project."
      },
      {
        "reviewer": "Dolores Watkins",
        "review": "we have used Baine Contracting for over 20 yrs. for jobs big( designing and finishing the 2nd floor of our house) to smaller lobs including replacing windows and repairing some minor wind damage to a porch.  The work of Mike and his crew …"
      },
      {
        "reviewer": "Paula Moccia",
        "review": "seventeen years ago when my family was quickly growing in numbers (13 grandchildren) it was obvious that my little cape cod beach house was too small and needed major renovation. my husband had recently passed away and I was hesitant to …"
      },
      {
        "reviewer": "Lindsey Miceli",
        "review": "We used Michael Baine and team to build a Azek deck that is approximately 750 sq ft. He is professional, detail oriented, presents great ideas, does quality work, and communicates quickly and timely.  His onsite crew was first class …"
      },
      {
        "reviewer": "John MacDougall",
        "review": "Baine Contracting is a perfect example of a great company.  From initial meeting to final product and beyond, you could not ask for a better company.  The workmanship is fantastic and it's a pleasure to see such incredible, thoughtful work."
      },
      {
        "reviewer": "Eileen Masterson",
        "review": "The house was extensively damaged after Hurricane Sandy.  Mike and his company gutted and repaired the home in addition to arranging raising the house 10 feet.  Highly recommend- high quality work on all fronts"
      },
      {
        "reviewer": "BNI Wave",
        "review": "I have been referring business to Baine Contracting for years and the feedback I get is always the same. Neat job sight, clear plan of action, and amazing craftsmanship. Two thumbs up!!"
      }
    ]
  },
  {
    "business": "Bearded Builders, Baltimore",
    "reviews": [
      {
        "reviewer": "megan tuffaha",
        "review": "We recently worked with Bearded Builders on a hallway bathroom remodel. As a busy professional and mom of young kids, Bearded Builders made this process seamless. The whole team was wonderful to work with. Karen the project manager helped …"
      },
      {
        "reviewer": "karen christensen",
        "review": "Another great job by the Beards!\nReally happy with my new kitchen. Hoping to have the Beards back again in 2025 for another bit of work. Can't say enough good things about them"
      },
      {
        "reviewer": "Owen Brunner",
        "review": "My wife and I LOVE our new kitchen. We’d recommend Bearded Builders and their entire team to anyone who’s looking for a legitimate game changing top end kitchen remodel. Special thanks to their front admin staff, and designers who built us …"
      },
      {
        "reviewer": "Frank Doten",
        "review": "A friend let me know about bearded builders, and the quality of their work. Scott came to the house to see what he needed to do. When he got the materials needed to complete the job, he showed up early in the morning and finished the job …"
      },
      {
        "reviewer": "Danielle Hales",
        "review": "Great experience renovating three bathrooms and replacing a sunroom floor over the course of several years with Bearded Builders. Nick is a tile genius and his work is amazing. We've been very happy with the quality of the all the custom work.  I highly recommend Bearded Builders."
      },
      {
        "reviewer": "John Lochary",
        "review": "We engaged Bearded Builders of Baltimore to gut our old hallway bathroom and rebuild it in a more attractive and modernized way.  Out with the old chipped tub and walls of tile and in with a step in shower and solid walls of Tere-Stone. …"
      },
      {
        "reviewer": "Molly Fallon",
        "review": "Great experience from start to finish. From consultation to design to demo and project completion, we had a great experience. The end result is a beautiful bathroom that we love. I can't wait for the day we are able to use Bearded Builders again."
      },
      {
        "reviewer": "PLANT PUSHER",
        "review": "Awesome company that does really amazing work! They are the best at home remodeling and their many awards is proof that people love their quality!!! Highly recommend Bearded Builders."
      },
      {
        "reviewer": "Massa Media",
        "review": "The BEST remodeling company you're going to find for many many many miles. Bearded Builders is an award winning company and it shows in the quality of their work... truly amazing!"
      },
      {
        "reviewer": "Jaimie Brunner",
        "review": "So happy with our kitchen. Bearded Builders did a great job! Before and after photos included."
      }
    ]
  },
  {
    "business": "Brandstrom Interiors",
    "reviews": [
      {
        "reviewer": "Nan",
        "review": "No reviews found"
      }
    ]
  },
  {
    "business": "Bridges Const.",
    "reviews": [
      {
        "reviewer": "nan",
        "review": "Error extracting reviews"
      }
    ]
  },
  {
    "business": "Buck's Designs",
    "reviews": [
      {
        "reviewer": "Trilok Chand saini",
        "review": "My house was designed by this group and  my house design is very fine and very impressive 👌. His team is very good and professional from his work. They gave me a very fine and good new architecture design,his design of staircase is very …"
      },
      {
        "reviewer": "MKTanwar",
        "review": "Blackbuck Architects has good test of design, selection of colours, and knowledge of materials.\nAn amazing team who can make your dream home."
      },
      {
        "reviewer": "Pankaj Taparia",
        "review": "Blackbuck Architects Are The Best In Service, Designs, Work Manner, Attitude And Responsibility. They Have The Brightest Future. Keep It Guys."
      },
      {
        "reviewer": "chaman saini",
        "review": "Excellent service. You can opt them for farm house designing, mud house and more"
      },
      {
        "reviewer": "Surendra Sharma",
        "review": "A very nice and professional person.Core knowledgeable and expert people team."
      },
      {
        "reviewer": "Himanshu Tanwar",
        "review": "Very good service 👍 …"
      },
      {
        "reviewer": "mansi rajgarhia",
        "review": "Such a great work.👍 …"
      },
      {
        "reviewer": "Rupesh Kumawat",
        "review": "Nice architectural studio"
      },
      {
        "reviewer": "Shaitan Singh",
        "review": "Gorgeous designed"
      },
      {
        "reviewer": "Nawaratan Singh Rathore",
        "review": "Honest men"
      }
    ]
  },
  {
    "business": "Buddy Warren Home",
    "reviews": [
      {
        "reviewer": "robin krasny",
        "review": "Buddy is very creative and has lots of good ideas and stays mindful of a budget. …"
      },
      {
        "reviewer": "Joanna Vargas",
        "review": "We used Buddy to renovate a very dated apartment. I don’t think the pace had been touched since it had been first built, in the 1970’s. It needed a ton of work and it was very daunting. I loved that fact that Buddy respected that we had a …"
      },
      {
        "reviewer": "Saleh",
        "review": "Buddy is very easy to worth with and truly cares about the project. He was extremely patient while we had to do iterations to the project scope.\nHe is easy to communicate with and gets to know you and what inspires you. He …"
      },
      {
        "reviewer": "roni sokoloff",
        "review": "I have worked with Buddy, owner of Buddy Warren Home many times over the past 10 years. With Buddy Warren Home you get a professional company with a great owner that will help guide you through your renovation or decorating needs. He has …"
      },
      {
        "reviewer": "Jeff Zilka",
        "review": "Strongly recommend Buddy Warren for home staging. We had to sell my Mom's coop,  and Buddy's very appealing staging made the apartment stand out in a crowded market, helping attract an eager buyer. Buddy was highly professional, and easy to work with."
      },
      {
        "reviewer": "Suzanne Herman",
        "review": "Buddy created an apartment for me from top to bottom and I couldn’t be happier.  His is one of the most creative minds and he thought of ideas that made my home special. He is dependable …"
      },
      {
        "reviewer": "William Horner",
        "review": "I moved from a house in Montauk to an apartment in Forest Hills and I had many large art works that I could not install myself.  Buddy did it all. rearranged my furniture to make the apartment work better and totally rearranged my second bedroom as an office.   Great Work!!"
      }
    ]
  },
  {
    "business": "Carole Vaudable Interior Design",
    "reviews": [
      {
        "reviewer": "Patrick Thomson",
        "review": "I can’t recommend Carole highly enough. She is a consummate professional, creative and intelligent and practical enough to bring that creative intelligence to life. She and I worked tremendously well together, and I’m just thrilled at the …"
      },
      {
        "reviewer": "PBJ Business Solutions",
        "review": "Carole Vaudable's ability to transform our spaces into the environment we envisioned was breathtaking! She was a dream to work with and made the entire experience delightful. We constantly get great remarks about our spaces and would not …"
      },
      {
        "reviewer": "NYC Professional Millwork !",
        "review": "Carole Vaudable is one of the top designers in NYC area, we really had a pleasure working with you on the latest project and thank you for considering our millwork company for it! …"
      }
    ]
  },
  {
    "business": "Closet POSSIBLE",
    "reviews": [
      {
        "reviewer": "Radha Janakiraman",
        "review": "Barry from Closet Possible was a repeat for us. He had helped with closet spaces specifically for the Indian women who has clothes which cover her Indian origin and her adopted American status. …"
      },
      {
        "reviewer": "August Grimm",
        "review": "We had an exceptional experience with Closet Possible! They transformed our space with stunning custom cabinets and closets that perfectly suit our needs. Barry and Kevin were incredibly professional, courteous, and meticulous throughout …"
      },
      {
        "reviewer": "Kruttika Raman",
        "review": "We’re impressed with Closet Possible! Barry did a great job with understanding our needs and the space. He provided different possibilities with maximum use of the space and showed 3D renderings which helped us envision the design and color …"
      },
      {
        "reviewer": "Lori K",
        "review": "We needed to have a better system of organization for our closets and wanted a better use of the space. We decided to go with this local business and Barry from Closet Possible made the process simple. He was quick to respond and easy to …"
      },
      {
        "reviewer": "Crystal Mitschele",
        "review": "We hesitated redoing our closet for 4 years thinking it wouldn’t be worth the investment but that couldn’t be further from the truth.  This transformation was everything I envisioned and so much more! Barry was wonderful to work with and …"
      },
      {
        "reviewer": "Ronny Straube",
        "review": "Barry and Kevin are a great team. First Barry came to my home, took measures, and then we decided on a configuration for the closets as well as their color and material. I liked that I got my quote right away. The installation is done by …"
      },
      {
        "reviewer": "Akhila Rao",
        "review": "We had our His & Hers closets done from Closet POSSIBLE. Barry listened to our needs and worked very patiently with us to come up with the most optimal use of the limited space while catering to our specific needs. The installation was done …"
      },
      {
        "reviewer": "Jeff Moses",
        "review": "The team at Closet Possible was great, Barry had the experience and vision to help us get the most out of our space and Kevin did a wonderful job getting the work done.  All in all an enjoyable experience and great outcome for us."
      },
      {
        "reviewer": "Shib Shet",
        "review": "So happy with our closets!! Barry worked with us on creating what we wanted!! Everything went well, installation was on schedule! Kevin was amazing and finished it on time! It was great working with ClosetPossible!!"
      },
      {
        "reviewer": "Nancy Rota",
        "review": "We hired Closet Possible to install a system to get us organized. I wish we had done it sooner-we are so happy with the results! Barry designed measured and helped us figure out the perfect design- Kevin was our installer who was professional attentive and very neat !! I highly recommend them!"
      }
    ]
  },
  {
    "business": "Closettec",
    "reviews": [
      {
        "reviewer": "NaN",
        "review": "No reviews found"
      }
    ]
  },
  {
    "business": "Concept Renovations, Inc.",
    "reviews": [
      {
        "reviewer": "Leandro Amaral",
        "review": "Hiring Jacob from Concept Renovation to remodel our bathroom was one of the worst decisions we've ever made. From start to finish, the experience was a nightmare. Jacob showed up to sell us on the job, then virtually disappeared. He made …"
      },
      {
        "reviewer": "tammy klausner",
        "review": "Jacob remodeled our bathroom 7 years ago and we had problems from the day the demo happened.  He assured me he would be overseeing the project but in actuality showed up maybe 2 x during the entire renovation.  The one issue i had which was …"
      },
      {
        "reviewer": "Bob Gatto",
        "review": "We just completed a meaningful remodel with Dolev and Concept Renovations (changed façade, rebuilt entry, new roof, fence, patio cover). Dolev is very knowledgeable, experienced, responsive and reasonable.  With any project, changes or …"
      },
      {
        "reviewer": "Harvey Kawasaki",
        "review": "Concept Renovations just installed a full-service bathroom in a downstairs room where none existed.   Rudy and his staff were extremely professional, attentive, responsiveness and communicated in all areas important to the project.   I will …"
      },
      {
        "reviewer": "Jazmine Monreal",
        "review": "We love Concept Renovations!  They were amazing during my recent general remodel. The experience from start to finish was truly exceptional, seamless and timely! …"
      },
      {
        "reviewer": "Cassandra Squiers",
        "review": "Overall we had a positive experience with Concept Renovations. They do exceptional quality work, are highly responsive, and keep to their timeline and price. This was our first time doing a renovation and overall everything turned out …"
      },
      {
        "reviewer": "Danielle Klebanow",
        "review": "Dolev and his team went well and beyond our expectations and we now have a beautifully designed bathroom.  I had interviewed many contractors off of Sweeten, but there was something about Dolev, that I immediately liked and trusted and I'm …"
      },
      {
        "reviewer": "Jessica Wyman",
        "review": "I contracted Concept Renovations to remodel 2 1/2 bathrooms , as well as to do some other updates to the upstairs (new linen cabinets, replace carpet, upgrade bedrooms, etc.). It was a pretty large project, and I was able to move out of my …"
      },
      {
        "reviewer": "Isabell Shpelfogel",
        "review": "We are very happy with the work we did with Concept Renovations. They were all fantastic to work with. They were clear on explaining the process from the outset and walked up through multiple options. They paid attention to our feedback …"
      },
      {
        "reviewer": "kate Snider",
        "review": "They were the only ones out of the few contractors we had selected to meet regarding our home renovation project that actually followed through with everything they had presented. We purchased the $99 3D packet and have had great results. …"
      }
    ]
  },
  {
    "business": "Country Kitchens",
    "reviews": [
      {
        "reviewer": "Randhir Verma",
        "review": "Thank you so much, Lokesh, for your attentive support throughout the process. It’s been a great experience working with you on ordering all the products, including the rolling shutter, wicker baskets, and pantry channels. I’m pleased to …"
      },
      {
        "reviewer": "soundarya Thakur",
        "review": "The product quality is really good, the delivery to treatment everything was really good. Premium brand at reasonable prices. I wanted a white rack and they arranged it for me. Will recommend"
      },
      {
        "reviewer": "Vivek Deshpande",
        "review": "Purchased Dust bin- Very good product quality. User friendly for any kind of installation. Delivered well in time !"
      },
      {
        "reviewer": "vindhya kothakota",
        "review": "Giving review after purchasing magic corner and swing corner.  Quality is good. Response from the seller is good. Price is decent. This is my second purchase."
      },
      {
        "reviewer": "Sameer patil",
        "review": "The magic corner product quality is very good. It's very sturdy. Moreover you get it at a cheaper rate compared to local market. I am more impressed about the punctuality of the seller. After placing the order, I got a call confirming the …"
      },
      {
        "reviewer": "Aswin Prakash",
        "review": "It has been a very good experience dealing with this supplier (The Royal Store). …"
      },
      {
        "reviewer": "Anjan Shah",
        "review": "Very good product. Working well since 4 years. Vendor should also sell replacement buckets as they sometimes break while handling by waste disposal staff"
      },
      {
        "reviewer": "Vishweshwar Badgeri",
        "review": "Good useful product. Fitted very well in our kitchen under the sink. Seller was also prompt with his clarifications and sent all details prior finalzing the purchase."
      },
      {
        "reviewer": "karthick rs",
        "review": "They have really useful products which fits our house perfectly."
      },
      {
        "reviewer": "Bharadwaj Narayan",
        "review": "Great experience dealing with the supplier, he was very helpful with the communication about the installation with our carpenter and hey the product looks fantastic !!"
      }
    ]
  },
  {
    "business": "D.Best Construction, Inc.",
    "reviews": [
      {
        "reviewer": "NaN",
        "review": "No reviews found"
      }
    ]
  },
  {
    "business": "ECO HOME BUILDERS INC",
    "reviews": [
      {
        "reviewer": "NaN",
        "review": "No reviews found"
      }
    ]
  },
  {
    "business": "FineCraft Contractors, Inc.",
    "reviews": [
      {
        "reviewer": "Hilah Barbot",
        "review": "Finecraft led a massive home renovation project for us - full gut job of a five bedroom home. Including removal of thick stone walls. Our new home is immaculate! We are in love and adore Vivian. Attached is a before and after or the kitchen/living areas."
      },
      {
        "reviewer": "Amanda Provost",
        "review": "We recently completed a project with the Finecraft family and had a great experience, especially with Vivian our project manager!  Vivian was always immediately available by text/phone call (which has not been my experience in the industry) …"
      },
      {
        "reviewer": "Mikhail Elfond",
        "review": "The guest bathroom was my second project with the company.\nI could not be happier with the kitchen, that was done in 2024.\nThe latter project started in December and \"finished\" just now. …"
      },
      {
        "reviewer": "Judith Travis",
        "review": "I am in awe of a company that provides handiperson services in an efficient and professional manner. With\nFineCraft Contractors, Inc. scheduling was fast and easy, my technician showed …"
      },
      {
        "reviewer": "Ana Cecilia Sosa Medina",
        "review": "I can't thank FineCraft enough for turning my dream home into a reality! From the very beginning, their professionalism and attention to detail were second to none. With over 40 years of experience, it's clear they know their craft inside …"
      },
      {
        "reviewer": "K M",
        "review": "This is the second time we’ve worked with FineCraft, and once again, they exceeded our expectations! This time, they renovated our guest bathroom, built storage under the stairs, added a brick veneer wall to our dining room, installed …"
      },
      {
        "reviewer": "Ana Valdez",
        "review": "Working with Finecraft Contractors was a great experience, They’re reliable, creative, professionals, pay attention detail and keep an open communication throughout the whole process. They stay current with the latest trends in design and …"
      },
      {
        "reviewer": "meena Sharma (sharma)",
        "review": "I have known the papaheraklis family since 2005. I have never gotten the chance to do business with them. I am always thinking that Finecraft is a very big contractor and I won't be able to afford it. Recently, they did a job for me. I was …"
      },
      {
        "reviewer": "Donald Lococo",
        "review": "I’ve had the pleasure and privilege  to work of Fine craft Contractors  for a very long time. The first time  Owner and principal George Papaheraklis and I initially contracted with me was in 1987 almost 35 years ago! One can immediately …"
      },
      {
        "reviewer": "Cliff Sosin",
        "review": "I have worked with Finecraft Contractors as a supply and design resource, on several projects over the years. George, Niko, Patrick and their entire group are very creative, exceptionally thoughtful, as well as responsive. They listen …"
      }
    ]
  },
  {
    "business": "GMT Home Designs Inc.",
    "reviews": [
      {
        "reviewer": "Susan Bucci",
        "review": "We worked with GMT to design a master suite/garage addition and renovation of our upstairs floor plan. After meeting with several architects and design-build firms we selected GMT because of their process. We loved that their architectural …"
      },
      {
        "reviewer": "Lori Seavey Realty Team",
        "review": "We were blown away by the GMT Team! They did a 3D design presentation that showed us exactly what our addition would look like and added elements that enhanced the design that we didn’t even think of. They listened to our needs and walked with us through the whole process. I highly recommend GMT Home Designs. Extremely professional."
      },
      {
        "reviewer": "Nathan Dishington",
        "review": "I have used Glenn Travis at GMT Home design for several projects. Glenn and his team are awesome designers and are always coming up with great solutions for my clients and our projects. I love how quickly they can turn an idea into a viable …"
      },
      {
        "reviewer": "John Dudley",
        "review": "Glen and his team at GMT are first class!  I've had the opportunity to get to know him over several years and get to see their operation frequently.   A great team that does wonderful work!"
      },
      {
        "reviewer": "Sandra Cinar",
        "review": "THANK YOU GLEN AND CARRIE AND THE DREAM TEAM AT GMT FOR MAKING OUR DREAMS COME TRUE! I trusted them to design our dormer addition to our Cape style home. They designed us the bedroom, bathroom and office of our dreams. They also referred us to our wonderful contractor that made everything seamless from start to finish!"
      }
    ]
  },
  {
    "business": "Handled Interior Design + Construction",
    "reviews": [
      {
        "reviewer": "Aastha Jain",
        "review": "Endless did excellent work. I hired them to design my flat and they did a fabulous job. They have a great team and very responsive. My project was done in the given deadline"
      },
      {
        "reviewer": "SURESH KASWAN",
        "review": "Endless Design completely changed my home. The living room is brighter, the kitchen feels more spacious and my bedroom finally feels like me. They took my ideas and made them even better. Hands down the best interior designer in Jaipur."
      },
      {
        "reviewer": "Ravi Raizada",
        "review": "Good team , great execution . We got just what we saw in design .\n\nAltogether a great experience :) Best wishes to entire Endless Team ! …"
      },
      {
        "reviewer": "Crazy Animal Hub",
        "review": "It was a great experience with endless design and their team they work with creative ideas and guidance they where really supportive to me thanks to endless design to make my Tv panel ❤️"
      },
      {
        "reviewer": "Nehal rana",
        "review": "The BEST .....i literally loved there work , this literally looks so elegant and classy ...the colour combination is just amazing and went so well with the vibe and interior of the house ......100% recommended , their behaviour is also …"
      },
      {
        "reviewer": "HIMANI GWALANI",
        "review": "Endless Design and Interiors did an excellent job redesigning my bedroom to include a stylish study table and comfortable office chair. The process was smooth, and their attention to detail was outstanding. The space is now functional, beautiful, and perfectly tailored to my needs. Highly recommend!"
      },
      {
        "reviewer": "Kaurikmanpreet Dhanjal",
        "review": "For my home's interior, I recently went to Endless Design. They are amazing. They employ really helpful people and have fantastic ideas. Their services and interactions with me were excellent. And for the inside of your home, I think Endless Design is a terrific spot."
      },
      {
        "reviewer": "Sanjay Gurjar",
        "review": "Working with Endless was a seamless experience. From creative interior designs to flawless construction, they took care of every detail. The result was a space that’s both functional and stunning. Highly recommend them for any architectural needs"
      },
      {
        "reviewer": "Kana Ram",
        "review": "\"Endless Designs has truly exceeded our expectations! The 3BHK flat they furnished for us looks straight out of a magazine. The marble interiors and panel walls are breathtaking, and their attention to detail is incredible. Highly recommend their services"
      },
      {
        "reviewer": "Pallvi Chaudhary",
        "review": "The team at Endless Designs is truly professional and innovative. They transformed my home into a luxurious yet functional space. Their expertise in modern interiors is unmatched. Couldn’t be happier with the outcome"
      }
    ]
  },
  {
    "business": "Happ's Kitchen & Bath",
    "reviews": [
      {
        "reviewer": "Mike M",
        "review": "Just completed a kitchen renovation with Happs, and could not be happier.   Professional, no pressure, great design, custom cabinets, new layout, new flooring.  Handled demo, cart away old appliances, handled plumbing and gas line movement …"
      },
      {
        "reviewer": "Bill Gallagher",
        "review": "We needed a custom bathroom vanity and Happ’s really came thru for us at a great price. The quality and craftsmanship exceeded our expectations. Cassidy was excellent at keeping us informed on the build progress. Would use them again!"
      },
      {
        "reviewer": "Lynn S",
        "review": "My husband and I give Happ's an A+ for every aspect of our kitchen redesign. They completely gutted and rebuilt our kitchen within the time frame discussed. The price quoted included all the work - there were no unexpected, add-on costs for …"
      },
      {
        "reviewer": "Deborah “Gourmet Mermaid Shopper”",
        "review": "The only place  ...to have your  Kitchen redone . Tom is  a master at  old world craftsmanship. But whatever your style modern or old fashioned. You will never receive a   more beautiful kitchen or bath  from any other company. …"
      },
      {
        "reviewer": "Ric rebel",
        "review": "Driver of black GMC runs stop signs to cut you off"
      },
      {
        "reviewer": "Paul Hanson",
        "review": "I spent 100,000 on a new kitchen. Great people great service. The installation was right on the money.  We are very happy with Happ's kitchen."
      },
      {
        "reviewer": "Tomas Cambara",
        "review": "After 8 years of my remodeling bath they were able to give me model number for my spout part . thanks"
      },
      {
        "reviewer": "Richard Giordano",
        "review": "Tom Clark and the guys are spot on"
      },
      {
        "reviewer": "Carlos Rodriguez",
        "review": "Best place ever!!!!"
      }
    ]
  },
  {
    "business": "Hub Woodworks",
    "reviews": [
      {
        "reviewer": "Sonia Pena",
        "review": "Beyond 5 stars...HUB Custom Woodworks is in a category of their own, their commitment to quality exceeds all expectations.  Kudos to HUB for the amazing job they did on my kitchen cabinets.  Their professionalism, craftsmanship, dedication …"
      },
      {
        "reviewer": "James Sposa",
        "review": "If you have the pleasure of working with these guys, consider yourself lucky. The level of  attention to detail we received is hard to find. My wife and I completed a large addition/remodel at our home in Fort Lauderdale. These are never …"
      },
      {
        "reviewer": "Jana DeMicco",
        "review": "I have been using Hub since they first opened.  As a designer, cabinetry work is extremely important for a project and this team delivers above and beyond on all aspects!"
      },
      {
        "reviewer": "Alex Cardona",
        "review": "This guys are amazing, they work as a family and they do anything to satisfy your expectations, I can't believe the job was done so fast, i definitely recommend them!"
      },
      {
        "reviewer": "Erivaldo Filho",
        "review": "Very competent and detailed focused team.\nIf you need high end custom made woodwork, contact them!!"
      },
      {
        "reviewer": "Gilson Ferraz",
        "review": "Great shop, great work, great people &  extremely professional to work with"
      },
      {
        "reviewer": "Alex Santos",
        "review": "The best Brazilian carpenter’s"
      },
      {
        "reviewer": "franz hubner",
        "review": "Great place"
      }
    ]
  },
  {
    "business": "J.P. Hoffman Design Build",
    "reviews": [
      {
        "reviewer": "Theresa Orsinger",
        "review": "J.P. Hoffman had renovated the kitchen & laundry area of our 1780s home 7 years ago, and we  knew we'd be calling them again once we were ready to replace all of our windows.   Jason visited multiple times during the planning phase to …"
      },
      {
        "reviewer": "Vito J Greco",
        "review": "My wife and I own a Victorian style home built around the turn of the century. It's wonderful being the stewards of a piece of history, but maintaining and renovating a house that is more than a hundred years old is not trivial. It requires …"
      },
      {
        "reviewer": "Serina Barkley",
        "review": "I could not be more thrilled with our primary bathroom renovation by J.P. Hoffman Design and Build.  Beginning with the initial inquiry email exchange with Megan through completion, they paid the highest level of attention to every detail …"
      },
      {
        "reviewer": "Shari Joyce",
        "review": "The whole JP Hoffman team was a pleasure to work with for our kitchen renovation and laundry room creation.  From the beginning, on lengthy yet productive Zoom calls, trying to bring my scribble-y vision to life to completely rework our …"
      },
      {
        "reviewer": "Dean Sandonato",
        "review": "My family and I hired J.P. Hoffman Design Build to remodel our entire home in 2020 and we enjoyed working with them so much we hired them again in 2024 for a basement/home office remodel with a full bedroom and bathroom. They did such great …"
      },
      {
        "reviewer": "Whitney Steinberg",
        "review": "J.P. Hoffman recently renovated the kitchen, bathroom, and office in our 1820s home.  They did an amazing job updating and improving our spaces while maintaining and highlighting the charm of our old house, which we love.  Everyone who …"
      },
      {
        "reviewer": "Breanne Diorio",
        "review": "J.P. Hoffman did an incredible job on our kitchen renovation. Jason's vision for how to reorganize the space to meet our goals for cooking and entertaining got us to an entirely new floor-plan that had never occurred to us. The team was a …"
      },
      {
        "reviewer": "Judson Van Allen",
        "review": "I would highly recommend JP Hoffman to anyone looking for a design build firm. My wife and I hired JPH last fall to completely renovate the first floor of our home and add a master bathroom and walk in closet to the second floor as well. …"
      },
      {
        "reviewer": "Drew Kemalian",
        "review": "We worked with Jason and Megan on a project and received wonderful advice and direction.  They understood our goals and budget and created a proposal that met the criteria.  They were communicative, honest and professional.  The entire experience was positive.  I would recommend them to a friend without hesitation."
      },
      {
        "reviewer": "Kyle B",
        "review": "Jason and his team brought our dream basement to life. From design through construction they were punctual, professional, and always willing to answer questions. The quality of the finished product really shows how much they care about doing a job right. I'd highly recommend them to anyone that asks."
      }
    ]
  },
  {
    "business": "JMC Home Remodeling",
    "reviews": [
      {
        "reviewer": "Anna Trudeau-Smith",
        "review": "We recently completed a full kitchen renovation with JMC, and we couldn't be happier with the results. From the initial design consultation  to the final walkthrough, the entire process was seamless and enjoyable. …"
      },
      {
        "reviewer": "Oxana Ovakimyan",
        "review": "JMC team has build me a whole new addition wing to the house with all new deck. It was a very large project.\nI chose JMC because I wanted a company which does everything. From the …"
      },
      {
        "reviewer": "Janet Napolitano",
        "review": "We recently worked with JMC on a gut renovation of our kitchen, laundry room, and powder room, and were completely satisfied. The entire process was professional and smooth - whether it was working with Donna on the design, Tammy on the …"
      },
      {
        "reviewer": "Sharleen Hoehler",
        "review": "We absolutely love working with JMC. When we were considering an extensive renovation to our house (think having to pack up everything and move out with 2 little ones), we reached out to JMC and knew right away that they were the right …"
      },
      {
        "reviewer": "Robert Finning",
        "review": "I have worked with John and his home improvement company on three projects over the past 30 years. From a kitchen and bath remodel to a beautiful, detached garage with loft storage, JMC Home Improvements has proven to be a top-notch …"
      },
      {
        "reviewer": "Dan J",
        "review": "A great and reliable company to use for home improvements projects\n\nWe just completed our second home improvement project with JMC.  The project …"
      },
      {
        "reviewer": "Christine Stewart",
        "review": "We had our hall bathroom completely redone by JMC. We love the end product, and we loved working with JMC. They are a well oiled machine. We met with John, the owner, and he shared how his company works. They are all inclusive from design …"
      },
      {
        "reviewer": "Robert Fox",
        "review": "JMC just completed a FULL GUT to the studs kitchen renovation for us. They were amazing to work with throughout the whole process. Donna took my wife’s dream and made it a reality with a perfect design. Tammy made sure everything stayed on …"
      },
      {
        "reviewer": "Alex Benjamin",
        "review": "We worked with JMC on two large projects, including a full kitchen remodel. Their work was consistently top-notch and -- just as importantly from our perspective -- the projects were managed expertly by both their on-site and office staff. …"
      },
      {
        "reviewer": "Lisa Anzelone",
        "review": "JMC remodeled our hall bathroom earlier this year and the end result was beautiful. JMC was an absolute pleasure to have in our home and we are grateful for their kindness and respect they showed given I had just lost my mom. The entire …"
      }
    ]
  },
  {
    "business": "Jay Andre Construction, Inc.",
    "reviews": [
      {
        "reviewer": "NaN",
        "review": "No reviews found"
      }
    ]
  },
  {
    "business": "Jeanne Liem Architecture + Design",
    "reviews": [
      {
        "reviewer": "NaN",
        "review": "Error extracting reviews"
      }
    ]
  },
  {
    "business": "Kyra Construction",
    "reviews": [
      {
        "reviewer": "Ravi Middha",
        "review": "Tried calling them, did not pick up phone, never got a call back."
      }
    ]
  },
  {
    "business": "Lena Lalvani, Custom Closet Designer",
    "reviews": [
      {
        "reviewer": "Courtney Lukitsch",
        "review": "Incredible custom design and service in LA, now expanding nationally"
      },
      {
        "reviewer": "Colleen R. Khurana",
        "review": "LA Closet designs are just awesome"
      }
    ]
  },
  {
    "business": "MAK Design + Build Inc.",
    "reviews": [
      {
        "reviewer": "Victor Jung",
        "review": "A couple of years ago, my neighbor had a large renovation project.  He vetted various companies and finally chose MAK.  They met every expectation in terms of design, timeliness, choice of best contractors, craftsmanship, attention to …"
      },
      {
        "reviewer": "Gman",
        "review": "This review (by Lisa and Galen) has been on our back burner for too long, so we finally wanted to belatedly express our joy and gratitude to the entire MAK team for a wonderful master bathroom remodel! …"
      },
      {
        "reviewer": "Jim Simpson",
        "review": "Not only are these folks the best at remodeling, but they follow through way after the fact. Recently, we misplaced the canvas bag for the laundry hamper installed by MAK Design as part of some fairly extensive remodeling they did back in …"
      },
      {
        "reviewer": "Gayle BonDurant",
        "review": "Working with MAK Design + Build was pleasant, informative, and fun! Everyone I encountered has great communication skills, a willingness to put the client's wishes first, and they are extremely good listeners. We were thrilled with the …"
      },
      {
        "reviewer": "Brittany Anderton",
        "review": "We thoroughly enjoyed working with the MAK team on our garage conversion in Davis. Every single team member showed a commitment to quality and transparency, and they were all very respectful and pleasant. We never had to worry about the …"
      },
      {
        "reviewer": "Fernanda Ferreira",
        "review": "Our 1990s kitchen and family room needed a major update. The remodel had to be done right because it would define our home for the next 20 years and be the place we’d end up spending half our time when at home. For those reasons, we chose …"
      },
      {
        "reviewer": "Eileen Hendren",
        "review": "MAK is great to work with. My house is old and I requested they keep to that appearance when creating the addition. Truly you can’t tell where the 1928 part ends and the new begins. From wainscoting to 6 over 1 windows they know their …"
      },
      {
        "reviewer": "Robert Runyan",
        "review": "Love this company"
      }
    ]
  },
  {
    "business": "MSK & SONS CONSTRUCTION",
    "reviews": [
      {
        "reviewer": "Jaime Torres",
        "review": "MSK and Sons Construction did a terrific job remodeling our bathroom. In our first meeting with Mike, we were inspired by photographs he showed us of projects he had completed. Throughout our bathroom reno MSK & Sons was professional, on …"
      },
      {
        "reviewer": "Nancy Jones",
        "review": "Mike recently installed a new floor in our bathroom and made a custom vanity. We couldn’t be happier with the job he did. Quality workmanship! Will definitely use him again! From the initial phone call to the completion of the project …"
      },
      {
        "reviewer": "Lauren Bracco",
        "review": "We had such a great experience working with Mike! He made our vision come to life by transforming our plain fireplace wall into a desk and dry bar as well! Mike is kind, reliable and talented. Absolutely recommend!"
      },
      {
        "reviewer": "Margaret Costigan",
        "review": "We have just had a much needed patio door replacement done by Mike from MSK.  I did a lot of research of contractors by checking reviews, BBB ratings and license.  I chose MSK and could not be happier or say enough good things about Mike. …"
      },
      {
        "reviewer": "Sandra Rampersaud",
        "review": "Mike Kubrin and his team of highly talented professionals are amazing.  They are meticulous, responsive, perfectionists - everything you could ever hope for when hiring a contractor to work in your home.  Plus, they are just really nice …"
      },
      {
        "reviewer": "Lori Davina",
        "review": "Five Stars across the board for MSK & Sons! We had Mike finish our basement and from estimate to completion the project went seamlessly.  He made our vision of a complete useable space a reality and all the extra touches we would have never …"
      },
      {
        "reviewer": "Lisa Lynn",
        "review": "I used MSK & Sons Construction for my full house renovation including a new kitchen, new bathrooms, new flooring throughout the house, custom moldings, and much more! In the beginning I had a hard time creating the entire vision. Mike was …"
      },
      {
        "reviewer": "Kathleen Wescott",
        "review": "MSK & Sons Construction just completed the third project in my home. The first was our master bathroom, then a fireplace teardown and reface, and most recently my very large kitchen. We are so pleased with Mike and his entire crew. I have …"
      },
      {
        "reviewer": "John O'Brien",
        "review": "We had a great experience working with Mike and his team at MSK & Sons Construction. Mike has done several projects for us including a kitchen remodel, garage addition, and  installing new Anderson windows. Mike and his team are professional, courteous,  and reliable. We highly recommend them!"
      },
      {
        "reviewer": "Megan Mac",
        "review": "We could not be happier with the work that Mike and his team completed on our home.  Mike renovated/finished our basement, he built beautiful storage benches and outdoor gear wall units and he renovated our front entry room.  Mike has great …"
      }
    ]
  },
  {
    "business": "Millwork & More LLC",
    "reviews": [
      {
        "reviewer": "NaN",
        "review": "Error extracting reviews"
      }
    ]
  },
  {
    "business": "Monk's Home Improvements",
    "reviews": [
      {
        "reviewer": "Jessica Bronder",
        "review": "We hired Monks to design, build and paint our custom office bookshelves. It was such a smooth process from beginning to end. They worked with me on each step, making adjustments to the design as requested and were clear about costs and the …"
      },
      {
        "reviewer": "Sarah East",
        "review": "Monk’s did a beautiful job painting my home. I was so impressed with their professionalism, attention to detail, friendly  nature, and fair price. I had a fantastic experience from my first contact with Kurt at the outset of the job, to my …"
      },
      {
        "reviewer": "David Gabel",
        "review": "Monk's recently performed exterior painting of our home, including refinishing and staining/painting our deck doors and front door.  The work was done very quickly and the results were excellent.  Trevor Wilson was very prompt in providing …"
      },
      {
        "reviewer": "Paul Monticello",
        "review": "Monk’s did a great job with our cabinet resurfacing, and got them done ahead of schedule too. Every team member was courteous and professional. Solid customer experience and I would hire them again for future projects."
      },
      {
        "reviewer": "Andrew Dutton",
        "review": "They did a very good job with the (external) painting of our house, as well as a separate carpentry job replacing some rotten wood foundations and siding in our detached garage.  Trevor, the estimator, was prompt and professional.  He was …"
      },
      {
        "reviewer": "Brandie Chick",
        "review": "Monk’s just completed an internal painting project for us. It looks GREAT! Jon was very easy to work with, transparent, and he was able to schedule us quickly. The crew was professional and timely each day, and the project was completed in a timely manner. Highly recommend!"
      },
      {
        "reviewer": "SBvD",
        "review": "Monks team provided excellent service in painting our home - interior rooms. The team (Kurt Becker - project manager and Huibel- team leader) were professional and provided quality service with attention to detail. The house looks  great!"
      },
      {
        "reviewer": "Tara Mcdermott",
        "review": "Highly highly recommend Monks for any house projects! We recently remodeled our kitchen and are extremely satisfied with the outcome and the process the entire way. From the initial consultation with Maria, to the showroom visit/materials …"
      },
      {
        "reviewer": "L Yo",
        "review": "I have used Monks for many projects at my home over the years including exterior painting, basement renovations and water damage repairs. Most recently, Monks completed renovations on two bathrooms, including a full renovation of our master …"
      },
      {
        "reviewer": "meredith glasser",
        "review": "Our daughter yanked our towel rack off of the wall in our powder room, and we needed repair and painting quickly. The team at Monk's was quick to respond to set up an appointment to see the damage and give us an estimate. Roberto came, gave …"
      }
    ]
  },
  {
    "business": "Mr. & Mrs. Construction & Remodeling",
    "reviews": [
      {
        "reviewer": "Isabella Osorio",
        "review": "I achieved my ideal bathroom with the help of their renovation services! They put in a personalized shower, stylish vanities, and contemporary lighting. The area is now attractive and practical.  Strongly suggested for top-notch home improvements!"
      },
      {
        "reviewer": "Nikki",
        "review": "We recently hired Mr & Mrs Construction & Remodeling to renovate our bathroom, and we couldn't be happier with the results. From start to finish, their team was professional, knowledgeable, and dedicated to delivering high-quality work. …"
      },
      {
        "reviewer": "Ulric Chia",
        "review": "I recently hired Mr & Mrs Construction & Remodeling for a major home renovation project, and I am delighted with the results. From the initial consultation to the final walkthrough, their team exhibited professionalism, creativity, and a …"
      },
      {
        "reviewer": "Summer",
        "review": "Upon doing research on remodeling companies in my area, I landed on Mr. & Mrs. Construction & Remodeling. I contacted them and told them more or less what I was looking to do. They were quick to give me quotes and very friendly! I felt very …"
      },
      {
        "reviewer": "Kiran Kumar",
        "review": "After looking for several companies around my area, I have found  Mr & Mrs Construction's and I asked them to do my kitchen renovation, I can confidently say the experience was better than expected.They transformed my outdated kitchen and …"
      },
      {
        "reviewer": "Pamela Hancock",
        "review": "Great job, Mr and Mrs. Construction and remodeling We called them when we decided on remodeling our basement and turning it into a kitchenette with an extra bedroom and restroom. The quote was excellent considering all the work we needed …"
      },
      {
        "reviewer": "Shakera Mcclendon",
        "review": "I would like to start off by saying I did a lot of research before reaching out to Mr. and Mrs Construction and Remodeling . I am so pleased with their service I wish I could give 10 stars. I told them what I want done for my bathroom and …"
      },
      {
        "reviewer": "Andy Celedon",
        "review": "I had the pleasure of working with Mr & Mrs Construction & Remodeling for my recent home renovation project, and I couldn't be happier with the results. From the moment I contacted them, they were professional, responsive, and attentive to …"
      },
      {
        "reviewer": "Charmaine Junasa",
        "review": "My nephew's landlady was causing some issues with the bathroom in the townhome he was renting with his college friend. After doing some research online, I was able to find a great construction company to help out! They did an amazing job …"
      },
      {
        "reviewer": "Sergei Arkhipov",
        "review": "Dude, I had such a rad experience with Mr & Mrs Construction & Remodeling! These guys totally nailed it with their professional and attentive service, bro. They were upfront and transparent about the cost and timeline of my home remodeling …"
      }
    ]
  },
  {
    "business": "NA Design Builders",
    "reviews": [
      {
        "reviewer": "Breana Shimkus",
        "review": "I recently hired NA Design Builders for a complete bathroom remodel, and I couldn’t be happier with the results! From start to finish, the team was professional, communicative, and highly skilled. They helped bring my vision to life, …"
      },
      {
        "reviewer": "Christy Melton",
        "review": "I recently had the pleasure of working with NA Design Builders for a kitchen remodel, and I couldn't be happier with the results! From the initial consultation to the final touches, Nathan  was professional, attentive, and incredibly …"
      },
      {
        "reviewer": "Kayla Michelle",
        "review": "I had an amazing experience working with Nathan as the project manager for my bathroom remodel. From start to finish, he was professional, communicative, and really took the time to understand my vision. He kept me updated throughout the …"
      },
      {
        "reviewer": "Katie “Kate” Carroll",
        "review": "\"I recently hired NA Design Builders to remodel my kitchen, and I couldn't be happier with the results! The price quoted for materials and labor was within my budget, and the work was completed in a timely manner. The professionalism and …"
      },
      {
        "reviewer": "Jacob Salinas",
        "review": "NA Design Builders did an amazing job remodeling my kitchen! The team was professional, finished on time, and the quality of work was outstanding. I highly recommend them!"
      },
      {
        "reviewer": "Gionna Daddio",
        "review": "Recently had the pleasure of working with this fantastic company for my bathroom remodel! They were very timely, courteous, and had no problems answering any and all questions my mind came up with. I highly recommend them for any of your projects, and will gladly come back if/when I ever need more work done around the house!"
      },
      {
        "reviewer": "Taira Kieselhorst",
        "review": "NA Design Builders delivered exceptional craftsmanship and professionalism throughout our entire home renovation. Their team was communicative, efficient, and truly brought our vision to life. We couldn't be happier with the final results and highly recommend them for any construction project."
      },
      {
        "reviewer": "Sandra Stoddard",
        "review": "NA Design Builders did a wonderful job remodeling my bathroom. It was long over due and the whole process was so easy and quick. The staff was also amazing and had exceptional customer service skills and were able to answer all of my questions and address all of my concerns.  Thank you guys again. I would highly recommend!!"
      },
      {
        "reviewer": "yamys Boutique",
        "review": "I’m so glad I had the opportunity to work with  Naphtali for my kitchen remodel. He helped me create a kitchen beyond what I ever imagined. I really appreciate that he took my ideas, incorporated them l, and offered his expertise to improve …"
      },
      {
        "reviewer": "Shyann Lamere",
        "review": "NA Design Builders did an amazing job with our kitchen & bathroom.  The team was timely, professional and quick! A big thanks to Naphtali\nfor always going the extra mile for us. He always kept us updated on my project and provided me with all the information I needed after my job was complete"
      }
    ]
  },
  {
    "business": "New Closet",
    "reviews": [
      {
        "reviewer": "Ravi Jangid",
        "review": "😍😍😍😍I like their professional work done on time and in a neat way from start to end and I appreciate their prompt response. Great kudos to the entire team for their wonderful work. Forever  Kitchen has 8 range of Forever Kuchen with desired …"
      },
      {
        "reviewer": "Deepak Aazad",
        "review": "I was amazing experience to deal with forever interio & raj Surolia they have huge product range in modular kitchen and modular wardrobe category. I got my value for money kitchen with them."
      },
      {
        "reviewer": "kavita khunteta",
        "review": "I have taken modular kitchen with Forever interio raj suroliya me and my family truly satisfied with services and price they qouted to us my best recommendation for your luxury kitchen."
      },
      {
        "reviewer": "Rishi Pandey",
        "review": "Company is not interested in doing business...Have called multiple times to install wardrobe however no one has time to contact customer. Every person has got  a fever and is in hospital...Poor service"
      },
      {
        "reviewer": "SURENDRA SINGH",
        "review": "Its very unioq prodect for kitchan only for forever intreio avibale & good srevices"
      },
      {
        "reviewer": "Rahul Bansal",
        "review": "Visited last week few places for modular closet for my master bedroom I got perfect 👌 Solutions in very good value for money products at forever interio they huge range for modular kitchens too must visit  places for your home modular furniture Solutions. …"
      },
      {
        "reviewer": "Aman Meena",
        "review": "The kitchen is the heart and soul of our home where we cook food and gather to develop good relation and love with our family members. Remodeling kitchen is a long-term investment, so when it comes time to do it, there are a number of …"
      },
      {
        "reviewer": "VIKAS BHATNAGAR",
        "review": "Forever Interio has huge range of modular designs in there show room Mr raj owner here explained everything in details. We bought complete interior solutions with him for my house in very good affordable price."
      },
      {
        "reviewer": "happy khan",
        "review": "Best modular Kitchen Showroom in Jaipur"
      },
      {
        "reviewer": "Rose Petal Hospitality",
        "review": "Raj suroliya owner at forever interio has 13 year's experience of modular kitchens and furniture. Highly recommend for my family side."
      }
    ]
  },
  {
    "business": "New York Woodwork, Inc.",
    "reviews": [
      {
        "reviewer": "Amanda Kinney",
        "review": "Doron is a class act. I am an interior designer and so I expect a higher level of service, quality,  and an overall experience for my clients. I came to Doron when I was not receiving this from previous millworkers and after I was highly …"
      },
      {
        "reviewer": "Beth Graczyk",
        "review": "Doron and team were incredible to work with. We initially contacted several designers/builders for building a custom wall to wall bookshelf with cabinets. Doron easily stood out as the most professional, skilled, capable, and joy to work …"
      },
      {
        "reviewer": "Simon Moy",
        "review": "Doron is an outstanding wood crafter and someone who stands by his work and business.  We had a beautiful set of kitchen cabinets ordered and installed over a year ago.  It was perfect.  A year later, two of the cabinet doors had an issue …"
      },
      {
        "reviewer": "Ecem Karaharman",
        "review": "Beautiful, high-quality work! Doron and his team are great to work together. I'm an interior designer and I used his services for me personally and my client's homes. I loved the results every single time. He's very responsive, reliable and detail & solution-oriented. Great communication and quality overall. Highly recommended!"
      },
      {
        "reviewer": "Olivia Seely",
        "review": "Doron and his team were kind, professional and responsive. They built a custom bookshelf for us that looks amazing! It's high quality and beautiful and we are happy customers. I couldn't recommend them more!"
      },
      {
        "reviewer": "Cristina de Miguel",
        "review": "I couldn't recommend NYWoodwork enough. Doron was very professional, nice, honest and easy to work with. The communication was excellent. We had a beautiful wall-to-ceiling shelve made and installed, as long as a a shoe rack, drawer system and shelves installed in 3 different closets. Super smooth. We couldn't be happier!"
      },
      {
        "reviewer": "Charles Kealy",
        "review": "Great experience getting two custom pull out drawers installed. They look and feel great. Finished in under and hour and came weeks ahead of schedule. Great price too!"
      },
      {
        "reviewer": "Alexander Liguori",
        "review": "Doron and his team were a pleasure to work with on our kitchen renovation project. They designed custom cabinetry and a kitchen island to fit our difficult space with uneven walls and an old chimney jutting out. The final product turned out …"
      },
      {
        "reviewer": "Francesco Petronelli",
        "review": "This is the best cabinet maker in BK! We needed some custom cabinets, and the result was perfect, production was fast (without compromising quality), price was reasonable and communication was super clear. Highly recommend!"
      },
      {
        "reviewer": "Rachel Lehrer",
        "review": "Doron and his team are such a pleasure to work with. They helped us make decisions every step of the way and we're thrilled with the results in our kitchen and bathroom."
      }
    ]
  },
  {
    "business": "Oliver Builders, Inc",
    "reviews": [
      {
        "reviewer": "Lexi Rhorer",
        "review": "I cannot say enough wonderful things about Oliver Builders (OBI) and the incredible job they did on my home renovation! Over the course of a 7-month project, they completely transformed my kitchen and dining room into one stunning open …"
      },
      {
        "reviewer": "Armando Garcia",
        "review": "Good"
      }
    ]
  },
  {
    "business": "Pearl Remodeling",
    "reviews": [
      {
        "reviewer": "Xue Chang",
        "review": "Ben and his crew did an incredible job for our little bathroom remodeling project. Since we have a pretty tight budget, Ben helped and guided us through the design and budget control. We absolutely love the result and appreciate his …"
      },
      {
        "reviewer": "Paul Edelman",
        "review": "This is the second time we hired Pearl Remodeling for a major project, and we’re just as happy with the results this time as we were with the first. Major storm damage meant we had to almost completely rebuild both bedrooms and bathrooms. …"
      },
      {
        "reviewer": "Dustin Balderrama",
        "review": "Pearl did an extensive kitchen remodel and deck addition to our house 9 years ago. Gorgeous work, 5 stars, had no major issues. When we went to sell our home recently, we noticed deck water intrusion that needed to be fixed. We worked with Pearl to address the issue. We got it fixed and the house sale went without a hitch."
      },
      {
        "reviewer": "Clean Cut Stone",
        "review": "I am very pleased with the outstanding job, the guys at Pearl did on my home addition in Los Angeles. Their attention to detail and quality truly exceeded my expectations. The project was completed on time and within our budget, with …"
      },
      {
        "reviewer": "Sergio Santos",
        "review": "We had a covered patio installed a few years ago. We decided to interview several contracts to enclose it into a patio room. Ori, from Pearl Remodeling, came to do the estimate. He knew immediately what needed to be done. They don't do just …"
      },
      {
        "reviewer": "Chuck Jackola",
        "review": "We had a great experience!  Izhak was our project manager: he was always available if we had questions or concerns, and responded quickly to phone calls or text. He stopped by almost daily during the process. We now have a beautiful …"
      },
      {
        "reviewer": "Greek House Cafe",
        "review": "It was a great experience working with Izhak (project manager) and Ron.  Very professional company.  I highly would recommend Pearl Remodeling to anyone thinking of having an home extension or renovation.  Everything is broken down to the …"
      },
      {
        "reviewer": "Kal Wayman",
        "review": "We have been wanting to add a bathroom and reconnect a separated room for some time.  We were very weary about hiring a contractor due to horror story's we have heard from friends.  We did out interviews and ended up going with Pearl …"
      },
      {
        "reviewer": "Kayleigh MacPherson",
        "review": "We had a great experience Pearl Remodeling and with our project manager, Avi, in transitioning our existing garage/loft space into a one bedroom ADU. We knew we needed an architect to help with the project, but firms weren't interested in …"
      },
      {
        "reviewer": "Eric Nelsen",
        "review": "Pear Remodeling helped us with a 255 sq ft home addition including a new den, laundry room, and pantry. Alon and his crew were incredible. They did an outstanding job. I would HIGHLY recommend Pearl for any remodeling you may need. …"
      }
    ]
  },
  {
    "business": "Preferred Kitchen & Bath",
    "reviews": [
      {
        "reviewer": "Pamela Von Zup",
        "review": "We recently renovated our kitchen with Preferred Kitchen and Bath and would highly recommend this company. Working with Julie and staff was a seamless process and we couldn’t be more delighted with the outcome. …"
      },
      {
        "reviewer": "Dennis Walsh",
        "review": "We bought a 30 year old custom built home with a beautiful ocean view, but it was in dire need of an update. The original design had the kitchen closed off from the rest of the home with walls blocking the ocean views. The powder room …"
      },
      {
        "reviewer": "Coby Halavais",
        "review": "We cannot say enough good things about Suzy and the entire crew at Preferred.  From initial design through demolition and installation, they ran a very organized and expert project with firm schedules and specific crews for each part of the …"
      },
      {
        "reviewer": "Beverly Brady",
        "review": "We used Preferred to remodel our kitchen, family room, office, primary bath, and powder room.  We could not be happier with the finished product! Julie's designs were exactly what we wanted and her construction crews were great to work …"
      },
      {
        "reviewer": "Kai yin",
        "review": "As a homeowner, I had always dreamt of having a kitchen and bath that exuded both elegance and functionality. After much contemplation and research, I decided to entrust my dreams to Preferred Kitchen and Bath in Lake Forest CA, and I can …"
      },
      {
        "reviewer": "Nalisha Trombley",
        "review": "Suzy our project manager was absolutely amazing. She understood our needs and worked on it like a charm. Project got completed on time. Very satisfied with the outcome. Highly recommend this place especially working with Suzy."
      },
      {
        "reviewer": "Ginny Moore",
        "review": "After interviewing several companies, we chose Preferred Kitchen and Bath.      We initially thought it would be cheaper if we had say a cabinet maker, then someone to rip out a non-bearing wall, rip out large tile floor and replace it with …"
      },
      {
        "reviewer": "Olga Treyger",
        "review": "When we decided to completely remodeled the kitchen and do some other work on a house we just bought, we were told by many to be ready for a lengthy, tedious, very stressful process which will eat up all of our free time. …"
      },
      {
        "reviewer": "Cindy Fox",
        "review": "We used Preferred Kitchen and Bath for a remodel of our kitchen and downstairs guest bathroom a few years ago and are now using them for our upstairs bathrooms. Our experience with Julie as well as everyone else involved in our last project was wonderful. We highly recommend Preferred Kitchen and Bath."
      },
      {
        "reviewer": "Akiko Sutton",
        "review": "If you want a stressless renovation, you are looking at the right company. Lea Biermann and her team are the best. Their frequent communication makes you feel you are taking care of. We are very satisfied with their work/our new kitchen. Very professional – 5 stars."
      }
    ]
  },
  {
    "business": "Prestige Custom Building & Construction, Inc.",
    "reviews": [
      {
        "reviewer": "Zack shilian",
        "review": "Lior and the team at Prestige did an amazing job building my home! Super professional, easy to work with, and they really cared about getting every detail just right. The quality of their work is outstanding, and I’m beyond happy with how …"
      },
      {
        "reviewer": "Michael Kelcz",
        "review": "I recently had the pleasure of working with Prestige Custom Building & Construction, Inc. on my new home, and I couldn't be happier! Lior, the owner, was incredibly attentive to detail throughout the entire process. He truly listened to my …"
      },
      {
        "reviewer": "eli Cabinets",
        "review": "Leo and his team at Prestige exceeded all expectations with their \"design and build\" services for my house. Their attention to detail and commitment to quality craftsmanship are unparalleled. From initial concept to final touches, every …"
      },
      {
        "reviewer": "Karen Livian",
        "review": "We had a wonderful experience working with Lior to build our dream home. He treated our project as if it was his own home. He was experienced, attentive, honest, caring and organized. From day 1, he collaborated efficiently with all those …"
      },
      {
        "reviewer": "Tommy Zheng",
        "review": "We had the pleasure of working with Lior and the Prestige Team for our new construction build in Long Island. From the initial concept stage to moving in, Lior has been there every step of the way and guided us through the entire process. …"
      },
      {
        "reviewer": "Tom Breslin",
        "review": "Leo's work is truly beautiful. He's very knowledgable in navigating the home building process and making it as seamless as possible for his clients. You not only get his construction expertise, but also the architecture and interior design …"
      },
      {
        "reviewer": "David Tannenbaum",
        "review": "Great team from start to finish.  Our whole home renovation and addition is beautiful!"
      }
    ]
  },
  {
    "business": "Right Arm Construction",
    "reviews": [
      {
        "reviewer": "NaN",
        "review": "Error extracting reviews"
      }
    ]
  },
  {
    "business": "S&W Kitchens",
    "reviews": [
      {
        "reviewer": "Louis Villanova",
        "review": "We recently had the pleasure of working with Lacie and Mike from S&W Kitchens in South Tampa on a bathroom project, and we cannot express enough how impressed we were with their combined talents and professionalism. …"
      },
      {
        "reviewer": "Kristen",
        "review": "I worked with Larissa Hicks at S&W Kitchens on a full kitchen renovation. She was wonderful from start to finish. The design process was great - Larissa is very talented I was so impressed with her design, as we had to completely rework my …"
      },
      {
        "reviewer": "Christine Lockhart",
        "review": "On the strength of a successful Master Bathroom renovation 10 years ago, in our last home, I decided to approach Larissa Hicks at S&W Kitchens to help with the design of the Master Bathroom in our current home. …"
      },
      {
        "reviewer": "Kathy Greco",
        "review": "S & W updated my kitchen. Aaron Williamson was the designer. His expertise in drafting an outline of my kitchen/laundry room and the specific work to be done was outstanding. He was always available to make sure the workers followed the …"
      },
      {
        "reviewer": "Sandra",
        "review": "When guests come into our home, they use words like breathtaking and gorgeous to describe our new kitchen. …"
      },
      {
        "reviewer": "Renee “Renee B” Bertschinger",
        "review": "We began working with S & W Kitchen's in April, 2022 planning our kitchen renovation. We are currently starting the 2cd week of this renovation.  To date, all of the staff we have worked with have been professional, responsive and very …"
      },
      {
        "reviewer": "Lori Brandon",
        "review": "Victoria and Clinton with S&W Kitchens did an amazing job with my new kitchen. It turned out even better than expected. They were mindful of my budget, and created a space that blended beautifully with the adjoining rooms in the house. Thank you so much!!"
      },
      {
        "reviewer": "Megan Callihan",
        "review": "We worked with S&W to renovate a kitchen, powder bathroom, hall bathroom and completely create a bathroom. It was a huge, huge process. We have a 1930s colonial and we were looking for someone that could create rooms that would fit in the …"
      },
      {
        "reviewer": "Elizabeth James",
        "review": "We had a wonderful experience working with Lacie at S&W. She helped us to transform a dated kitchen into a modern beauty.  There was a lot of \"dead\" space and Lacie was able to utilize and maximize the area.  She helped us make selections …"
      },
      {
        "reviewer": "Matt Campbell",
        "review": "I have known about S and W for years growing up in Winter Park. So pretty shocked at the professionalism here. After my appt i have received zero contact, for weeks, (unless I made contact) and today i was told by  the rep after I politely …"
      }
    ]
  },
  {
    "business": "Sawdust City, LLC",
    "reviews": [
      {
        "reviewer": "Y M",
        "review": "Absolutely beautiful piece!!! Custom carpenter at affordable price. Much better quality than most online retailers. This was 100% solid wood no MDF garbage! Piece came packaged securely to prevent damage, love it!!!"
      },
      {
        "reviewer": "Cat Cobb",
        "review": "I ordered the large trash bin that looks like a small cabinet in peacock. I originally found it on Amazon but with limited color choices. I was really struggling with if any would match. A reviewer suggested going to the website for more …"
      },
      {
        "reviewer": "Shelli Nornes",
        "review": "I've had a few custom pieces designed and built by Sawdust City and everything I've received from them has been fantastic. My most recent project was a custom jewelry cabinet/closet mirror. It was built to my specifications and arrived quickly and in perfect condition. Very happy with them!"
      },
      {
        "reviewer": "Debbie Manning",
        "review": "I just love my trash bin! It is well made and sturdy and this company is wonderful to work with. They accommodated my schedule so easily. I wish all companies - and all products - were this perfect! Thank you Sawdust City!"
      },
      {
        "reviewer": "Jean S",
        "review": "Super happy with 2 sets of bookshelves from Sawdust City! They arrived early, very easy to add the top and bottom to both bookcases and color is exactly what we wanted. Solid wood, good construction and you could tell that care was taken every step of the way. Super happy and highly recommend!"
      },
      {
        "reviewer": "Taylor Attaway",
        "review": "I ordered a bread box and it is amazing!! Awesome quality and timely shipping and was packed great! Highly recommend! Will definitely order in the future if i need something else!"
      },
      {
        "reviewer": "Jennifer Braithwaite",
        "review": "First of all I love of supporting American companies. I bought a custom-made trash bin and not only is it useful, pretty, but well-built. What I did was change the knob that it came with and put a knob of my choice on it. In other words you can make it your style. I would definitely recommend you buy one."
      },
      {
        "reviewer": "Holly Stanford",
        "review": "💯 % on quality, value, responsive, professional,  on time, WELL PROTECTED for shipping, beautiful craftsmanship!!!   Additionally,  I originally ordered a darker color than I wanted. I caught it at checkout and inserted a note.  They called …"
      },
      {
        "reviewer": "Patty O'Beirn",
        "review": "I've bought multiple signs, some special order from Sawdust City and have never been disappointed.  Their customer service, delivery, quality of product and pricing cannot be beat!!  I always prefer to shop with smaller, privately owned companies, and look forward to my next project working with them."
      },
      {
        "reviewer": "Matthew Stepanski",
        "review": "What a FANTASTIC company!  Not only is the product beautiful, but their assembly instructions were so easy-to-follow, and even polite!  The furniture looks so great in our new home, and is made of such a high quality.  I know we'll have it forever.  Thank you Sawdust City!  You've got a customer for life."
      }
    ]
  },
  {
    "business": "Spazio LA",
    "reviews": [
      {
        "reviewer": "Puneet Pokharna",
        "review": "I booking A Ac room for 2 days saty from agoda ..\ncheck in date 31 march 2025\nCheck Out Date 2 April 2025 …"
      },
      {
        "reviewer": "SHRI NR ASSOCIATE",
        "review": "Very bad experience,ac not working,I found a condom in the bathroom, there was no TV in the room, the AC was not working at all."
      },
      {
        "reviewer": "Sandeep Sharma",
        "review": "Very bad experience.\nRoom's are not as per our expectation services also not well.\nRoom's fare so high not recommended at all."
      },
      {
        "reviewer": "Muskaan Sheikh",
        "review": "The staff was really helpful. I travelled alone with my elderly grandparents (who have difficultly in walking) and it was very difficult fir me to manage them both together. Yet, the staff as much as carried them themselves so that my …"
      },
      {
        "reviewer": "Nandha",
        "review": "I've stayed around 20 days, they were so friendly and loved their greetings❤️✨️"
      },
      {
        "reviewer": "sunil sharma",
        "review": "Hotel hospitality is superb. Rooms are very much clean and tidy."
      },
      {
        "reviewer": "Jeetram Meena",
        "review": "Had a great experience here.Sevice is good.Staff is good."
      },
      {
        "reviewer": "harsh kumar",
        "review": "Very bad hotel. U guys shifted me to a shady hotel at the very last moment. Since u didnt have the rooms available at hotel that i booked u should have shifted me to a similar standard hotel and not this shady one. This was not upto the …"
      },
      {
        "reviewer": "Vineet Kumar",
        "review": "1. Location was easy to find. We just followed the Gmaps.\n2. Rooms were quite small as expected. 10x10 or 10x12.\n3. Service was something where they need to work a lot, even the basic courtesy …"
      },
      {
        "reviewer": "Vikrant Kadyan",
        "review": "Had a bad experience. I suggest you go through the booking details and verify all things in the hotel first. I booked a simple A/c room through OYO. But they cheated with me by upgrading my room in the booking slot for which I had to pay …"
      }
    ]
  },
  {
    "business": "Streamline Construction",
    "reviews": [
      {
        "reviewer": "NaN",
        "review": "Error extracting reviews"
      }
    ]
  },
  {
    "business": "Studio S Squared Architecture, Inc.",
    "reviews": [
      {
        "reviewer": "Bernie Leung",
        "review": "Having met and interviewed top local architects, I always find working with Eugene of Studio S Squared refreshing thanks to his expertise, creativity, and surprisingly humble and generous personality. These qualities are rare, as not all …"
      },
      {
        "reviewer": "Y G",
        "review": "Be careful. What they told you at the beginning is not true. We asked them to help to build our house. They were not able to get the approval from the city and started to ask the extra fee to revise the work. …"
      },
      {
        "reviewer": "not needed",
        "review": "I encountered individuals who were somewhat difficult to engage in conversation, and I found their approach to explaining the pre-construction process to be lacking in professionalism. Additionally, they did not offer any recommendations …"
      },
      {
        "reviewer": "Mahabub Alam",
        "review": "Very nice to see."
      }
    ]
  },
  {
    "business": "Tailored Closet and Premier Garage of Central NJ",
    "reviews": [
      {
        "reviewer": "Radha Janakiraman",
        "review": "Barry from Closet Possible was a repeat for us. He had helped with closet spaces specifically for the Indian women who has clothes which cover her Indian origin and her adopted American status. …"
      },
      {
        "reviewer": "August Grimm",
        "review": "We had an exceptional experience with Closet Possible! They transformed our space with stunning custom cabinets and closets that perfectly suit our needs. Barry and Kevin were incredibly professional, courteous, and meticulous throughout …"
      },
      {
        "reviewer": "Kruttika Raman",
        "review": "We’re impressed with Closet Possible! Barry did a great job with understanding our needs and the space. He provided different possibilities with maximum use of the space and showed 3D renderings which helped us envision the design and color …"
      },
      {
        "reviewer": "Lori K",
        "review": "We needed to have a better system of organization for our closets and wanted a better use of the space. We decided to go with this local business and Barry from Closet Possible made the process simple. He was quick to respond and easy to …"
      },
      {
        "reviewer": "Crystal Mitschele",
        "review": "We hesitated redoing our closet for 4 years thinking it wouldn’t be worth the investment but that couldn’t be further from the truth.  This transformation was everything I envisioned and so much more! Barry was wonderful to work with and …"
      },
      {
        "reviewer": "Ronny Straube",
        "review": "Barry and Kevin are a great team. First Barry came to my home, took measures, and then we decided on a configuration for the closets as well as their color and material. I liked that I got my quote right away. The installation is done by …"
      },
      {
        "reviewer": "Akhila Rao",
        "review": "We had our His & Hers closets done from Closet POSSIBLE. Barry listened to our needs and worked very patiently with us to come up with the most optimal use of the limited space while catering to our specific needs. The installation was done …"
      },
      {
        "reviewer": "Jeff Moses",
        "review": "The team at Closet Possible was great, Barry had the experience and vision to help us get the most out of our space and Kevin did a wonderful job getting the work done.  All in all an enjoyable experience and great outcome for us."
      },
      {
        "reviewer": "Shib Shet",
        "review": "So happy with our closets!! Barry worked with us on creating what we wanted!! Everything went well, installation was on schedule! Kevin was amazing and finished it on time! It was great working with ClosetPossible!!"
      },
      {
        "reviewer": "Nancy Rota",
        "review": "We hired Closet Possible to install a system to get us organized. I wish we had done it sooner-we are so happy with the results! Barry designed measured and helped us figure out the perfect design- Kevin was our installer who was professional attentive and very neat !! I highly recommend them!"
      }
    ]
  },
  {
    "business": "The Home X",
    "reviews": [
      {
        "reviewer": "Jitendra Bansal",
        "review": "Your showroom has an amazing variety of fabric and mattress.The quality of your fabric and mattress is top-notch! We are satisfied customer. Thankyou for excellent service."
      },
      {
        "reviewer": "Jeetu Sharma",
        "review": "Best shopping palace for sofa and curtains fabric and foam material. mattress also Good quality. Price also reasonable. must visit"
      },
      {
        "reviewer": "Rahul Piploda",
        "review": "I bought fabric for sofa quality is excellent at low price. Best shop in jaipur"
      },
      {
        "reviewer": "rafiq mansury",
        "review": "Best destination for furnishings items .\nAll sofa and curtain fabric available here at low price.superb."
      },
      {
        "reviewer": "Jamal Khan",
        "review": "Wholesaler of foam, fabric and mattress\nExcellent quality"
      },
      {
        "reviewer": "Vishal",
        "review": "👌best quality of sofa and runner and doormats …"
      },
      {
        "reviewer": "modi motor",
        "review": "wide range of furniture and furnishing at affordable price. excellent customer service. unique and modern designs.fast and reliable delivery also."
      },
      {
        "reviewer": "Kiran Jadun",
        "review": "Knowledgeable sales team & helpfull customer service. Quality furniture and furnishing at affordable price."
      },
      {
        "reviewer": "Deepak Sharma",
        "review": "Affordable sofa and curtains fabric with great quality.wide range of fabrics.recommend to family and friends.Great experience."
      },
      {
        "reviewer": "Bhanu Sharma",
        "review": "Best outlet for home decorations"
      }
    ]
  },
  {
    "business": "U.S. WORK Building & Remodeling",
    "reviews": [
      {
        "reviewer": "Anna Romanov",
        "review": "We loved working with Carlos and his team at U.S. Work Building & Remodeling for our comprehensive home renovation. Carlos is a wonderful project manager - very patient, responsive, organized and punctual from start to finish. His team …"
      },
      {
        "reviewer": "Virginia Hogan",
        "review": "Carlos Santos and his team at U.S. Work Building and Remodeling just completed an entire bathroom remodel at our home.  The entire crew was top notch- skilled and professional.  Carlos was incredibly patient and kept us informed every step of the way.  We could not be more pleased with our new bathroom.  A 5+ rating is deserved."
      },
      {
        "reviewer": "paulo junior",
        "review": "US Work is a trustful company, very professional and reliable! I really recommend US Work"
      }
    ]
  },
  {
    "business": "USA HOME REMODELING",
    "reviews": [
      {
        "reviewer": "NaN",
        "review": "No reviews found"
      }
    ]
  },
  {
    "business": "Vanessa Rome Interiors",
    "reviews": [
      {
        "reviewer": "NaN",
        "review": "Error extracting reviews"
      }
    ]
  },
  {
    "business": "Virginia Kitchen & Bath",
    "reviews": [
      {
        "reviewer": "NaN",
        "review": "No reviews found"
      },
      {
        "reviewer": "NaN",
        "review": "No reviews found"
      }
    ]
  },
  {
    "business": "nea studio",
    "reviews": [
      {
        "reviewer": "NaN",
        "review": "Error extracting reviews"
      }
    ]
  }
]